City/Airport;Country Code;IATA Code
AAA-DESKTOP;TESTE;TST
Aberdeen (SD);USA;ABR
Abilene (TX);USA;ABI
Akron (OH);USA;CAK
Albany (GA);USA;ABY
Albany (NY) - Albany International Airport;USA;ALB
Albuquerque (NM);USA;ABQ
Allentown (PA);USA;ABE
Altoona (PA);USA;AOO
Altus;USA;AXS
Amarillo (TX);USA;AMA
Anchorage (AK) - Ted Stevens Anchorage International;USA;ANC
Ann Arbor (MI);USA;ARB
Anniston (AL);USA;ANB
Appelton/Neenah/Menasha (WI);USA;ATW
Asheville (NC);USA;AVL
Aspen, (CO) - Aspen-Pitkin County Airport;USA;ASE
Athens (GA);USA;AHN
Athens (OH);USA;ATO
Atlanta (GA) - Hartsfield Atlanta International Airport;USA;ATL
Atlantic City (NJ) - Atlantic City International;USA;ACY
Augusta (GA);USA;AGS
Augusta (ME) - Augusta State Airport;USA;AUG
Austin (TX) - Austin-Bergstrom Airport;USA;AUS
Bakersfield (CA);USA;BFL
Baltimore (MD) - Washington International Airport;USA;BWI
Bangor (ME);USA;BGR
Baton Rouge (LA) - Baton Rouge Metropolitan Airport;USA;BTR
Beaumont/Pt. Arthur (TX);USA;BPT
Beckley (WV);USA;BKW
Bellingham (WA);USA;BLI
Bemidji (MN);USA;BJI
Benton Harbour (MI);USA;BEH
Bethel (AK);USA;BET
Billings (MT);USA;BIL
Birmingham (AL);USA;BHM
Bismarck (ND) - Bismarck Municipal Airport;USA;BIS
Bloomington (IL);USA;BMI
Bloomington (IN);USA;BMG
Bluefield (WV);USA;BLF
Boise (ID) - Boise Air Terminal;USA;BOI
Borrego Springs (CA);USA;BXS
Boston (MA) - General Edward Lawrence Logan;USA;BOS
Bozeman (MT);USA;BZN
Bradford/Warren (PA) /Olean (NY);USA;BFD
Brainerd (MN);USA;BRD
Bridgeport (CT);USA;BDR
Brookings (SD);USA;BKX
Brunswick (GA);USA;BQK
Buffalo/Niagara Falls (NY);USA;BUF
Bullhead City (NV);USA;BHC
Burbank (CA);USA;BUR
Burlington IA;USA;BRL
Burlington (VT);USA;BTV
Butte (MT);USA;BTM
Carlsbad (CA);USA;CLD
Carson City (NV);USA;CSN
Casper (WY);USA;CPR
Cedar City (UT);USA;CDC
Cedar Rapids IA;USA;CID
Champaign (IL);USA;CMI
Charleston (SC);USA;CHS
Charleston (WV) - Yeager Airport;USA;CRW
Charlotte (NC);USA;CLT
Charlottesville (VA);USA;CHO
Chattanooga (TN);USA;CHA
Cheyenne (WY) - Cheyenne Regional Airport;USA;CYS
Chicago (IL), Midway;USA;MDW
Chicago (IL), O'Hare International Airport;USA;ORD
Chicago (IL);USA;CHI
Chico (CA);USA;CIC
Cincinnati (OH) - Cincinnati/Northern Kentucky Int'l;USA;CVG
Clarksburg (WV);USA;CKB
Cleveland (OH) , Burke Lakefront;USA;BKL
Cleveland (OH) - Cleveland Hopkins International;USA;CLE
Cody/Powell/Yellowstone (WY);USA;COD
Coffmann Cove (AK);USA;KCC
College Station/Bryan (TX);USA;CLL
Colorado Springs (CO);USA;COS
Columbia (SC) - Columbia Metropolitan Airport;USA;CAE
Columbus (GA);USA;CSG
Columbus (OH) - Port Columbus International;USA;CMH
Concord (CA) - Buchanan Field;USA;CCR
Concord (NH) - Concord Municipal Airport;USA;CON
Cordova (AK);USA;CDV
Corpus Christi (TX);USA;CRP
Craig (AK);USA;CGA
Crescent City (CA);USA;CEC
Dallas (TX) , Love Field;USA;DAL
Dallas/Ft. Worth (TX) - Dallas/Fort Worth International;USA;DFW
Danville (VA);USA;DAN
Dayton (OH);USA;DAY
Daytona Beach (FL);USA;DAB
Decatur (IL);USA;DEC
Denver (CO) - Denver International Airport;USA;DEN
Des Moines (IA) - Des Moines International Airport;USA;DSM
Detroit (MI) , Coleman A. Young Municipal;USA;DET
Detroit (MI) , Wayne County Airport;USA;DTW
Detroit (MI) , Metropolitan Area;USA;DTT
Devils Lake (ND);USA;DVL
Dillingham (AK);USA;DLG
Dothan (AL);USA;DHN
Dubois (PA);USA;DUJ
Dubuque IA;USA;DBQ
Duluth (MN) /Superior (WI);USA;DLH
Durango (CO);USA;DRO
Dutch Harbor (AK);USA;DUT
Eau Clarie (WI);USA;EAU
Elkhart (IN);USA;EKI
Elko (NV);USA;EKO
Elmira (NY);USA;ELM
El Paso (TX) - El Paso International Airport;USA;ELP
Ely (NV);USA;ELY
Erie (PA);USA;ERI
Escanaba (MI);USA;ESC
Eugene (OR);USA;EUG
Eureka (CA);USA;ACV
Evansville (IN);USA;EVV
Fairbanks (AK);USA;FAI
Fargo (ND) (MN);USA;FAR
Farmington (NM);USA;FMN
Fayetteville (AR);USA;FYV
Fayetteville/Ft. Bragg (NC);USA;FAY
Flagstaff (AZ);USA;FLG
Flint (MI);USA;FNT
Florence (SC);USA;FLO
Fort Dodge IA;USA;FOD
Fort Huachuca/Sierra Vista (AZ);USA;FHU
Fort Lauderdale/Hollywood (FL);USA;FLL
Fort Myers, Metropolitan Area (FL);USA;FMY
Fort Myers, Southwest Florida Reg (FL);USA;RSW
Fort Riley (KS) - Marshall AAF;USA;FRI
Fort Smith (AR);USA;FSM
Fort Walton Beach (FL);USA;VPS
Fort Wayne (IN);USA;FWA
Fort Worth (TX) - Dallas/Fort Worth International Airport;USA;DFW
Franklin/Oil City (PA);USA;FKL
Fresno (CA);USA;FAT
Gadsden (AL);USA;GAD
Gainesville (FL);USA;GNV
Gilette (WY);USA;GCC
Glasgow (MT);USA;GGW
Glendive (MT);USA;GDV
Grand Canyon (AZ);USA;GCN
Grand Forks (ND);USA;GFK
Grand Junction (CO);USA;GJT
Grand Rapids (MI);USA;GRR
Grand Rapids (MN);USA;GPZ
Great Falls (MT);USA;GTF
Green Bay (WI);USA;GRB
Greenbrier/Lewisburg (WV);USA;LWB
Greensboro/Winston Salem (NC);USA;GSO
Greenville (MS);USA;GLH
Greenville (NC);USA;PGV
Greenville/Spartanburg (SC);USA;GSP
Groton/New London (CT);USA;GON
Gulfport/Biloxi (MS);USA;GPT
Gunnison/Crested Butte (CO);USA;GUC
Haines (AK);USA;HNS
Hancock (MI);USA;CMX
Harlingen/South Padre Island (TX);USA;HRL
Harrisburg (PA) - Harrisburg Skyport;USA;HAR
Harrisburg (PA) - Harrisburg International;USA;MDT
Hartford (CT) /Springfield (MA);USA;BDL
Havre (MT);USA;HVR
Helena (MT);USA;HLN
Hibbing (MN);USA;HIB
Hickory (NC);USA;HKY
Hilo (HI);USA;ITO
Hilton Head Island (SC);USA;HHH
Homer (AK);USA;HOM
Honolulu (HI) - Honolulu International Airport;USA;HNL
Hoonah (AK);USA;HNH
Houston (TX) , Hobby;USA;HOU
Houston, TX - George Bush Intercontinental Airport;USA;IAH
Huntington (WV);USA;HTS
Huntsville (AL);USA;HSV
Huron (SD);USA;HON
Hyannis (MA);USA;HYA
Hydaburg (AK);USA;HYG
Idaho Falls (ID);USA;IDA
Iliamna (AK);USA;ILI
Imperial (CA);USA;IPL
Indianapolis (IN) International;USA;IND
International Falls (MN);USA;INL
Inykern (CA);USA;IYK
Ithaca/Cortland (NY);USA;ITH
Jackson Hole (WY);USA;JAC
Jackson (MI) - Reynolds Municipal;USA;JXN
Jackson,  MN;USA;MJQ
Jackson (MS) - Jackson Internationall;USA;JAN
Jackson (MS) - Hawkins Field;USA;HKS
Jackson (TN) - Mckellar;USA;MKL
Jackson Hole (WY);USA;JAC
Jacksonville (AR)  Little Rock AFB;USA;LRF
Jacksonville (FL) - Cecil Field NAS;USA;NZC
Jacksonville (FL) Jacksonville NAS;USA;NIP
Jacksonville (FL) - International;USA;JAX
Jacksonville (FL) - Craig Municipal;USA;CRG
Jacksonville (IL) - Municipal Airport;USA;IJX
Jacksonville (NC);USA;OAJ
Jacksonville (TX);USA;JKV
Jamestown (ND);USA;JMS
Jamestown (NY);USA;JHW
Janesville (WI) - Rock County;USA;JVL
Jefferson City (MO) - Jefferson Memorial;USA;JEF
Johnson City (NY) - Binghamton/Endicott/Johnson;USA;BGM
Johnston Island;USA;JON
Johnstown (PA);USA;JST
Jonesboro (AR)  Jonesboro Airport;USA;JBR
Joplin (MO);USA;JLN
Juneau (AK) - Juneau International Airport;USA;JNU
Kahului (HI);USA;OGG
Kalamazoo/Battle Creek (MI);USA;AZO
Kalispell (MT);USA;FCA
Kamuela (HI);USA;MUE
Kansas City (MO) - Kansas City International Airport;USA;MCI
Kapalua West (HI);USA;JHM
Kaunakakai (HI);USA;MKK
Kenai (AK);USA;ENA
Ketchikan (AK);USA;KTN
Key West (FL);USA;EYW
Killeem (TX);USA;ILE
King Salomon (AK);USA;AKN
Kingston (NC);USA;ISO
Klamath Fall (OR);USA;LMT
Klawock (AK);USA;KLW
Knoxville (TN);USA;TYS
Kodiak (AK);USA;ADQ
Kona (HI);USA;KOA
Kotzbue (AK);USA;OTZ
Labouchere Bay (AK);USA;WLB
La Crosse (WI);USA;LSE
Lafayette (IN);USA;LAF
Lafayette, La;USA;LFT
Lake Charles (LA);USA;LCH
Lake Havasu City (AZ);USA;HII
Lake Tahoe (CA);USA;TVL
Lanai City (HI);USA;LNY
Lancaster (PA);USA;LNS
Lansing (MI);USA;LAN
Laramie (WY);USA;LAR
Laredo (TX);USA;LRD
Las Vegas (NV);USA;LAS
Latrobe (PA);USA;LBE
Laurel/Hattisburg (MS);USA;PIB
Lawton (OK);USA;LAW
Lebanon (NH);USA;LEB
Lewiston (ID);USA;LWS
Lewistown (MT);USA;LWT
Lexington (KY);USA;LEX
Lihue (HI);USA;LIH
Lincoln (NE);USA;LNK
Little Rock (AR);USA;LIT
Long Beach (CA);USA;LGB
Long Island (AK);USA;LIJ
Long Island, Islip (NY) - Mac Arthur;USA;ISP
Longview/Kilgore (TX);USA;GGG
Los Angeles (CA) - International;USA;LAX
Louisville (KY);USA;SDF
Lubbock (TX);USA;LBB
Lynchburg (VA);USA;LYH
Lyons (KS) - Rice County Municipal;USA;LYO
Macon (GA);USA;MCN
Madison (WI) - Dane County Regional Airport;USA;MSN
Manchester (NH);USA;MHT
Marathon (FL);USA;MTH
Marquette (MI);USA;MQT
Martha's Vineyard (MA);USA;MVY
Martinsburg (WV);USA;MRB
Mason City IA;USA;MCW
Mattoon (IL);USA;MTO
McAllen (TX);USA;MFE
Medford (OR);USA;MFR
Melbourne (FL);USA;MLB
Memphis (TN);USA;MEM
Merced (CA);USA;MCE
Meridian (MS);USA;MEI
Metlakatla (AK);USA;MTM
Miami (FL);USA;MIA
Midland/Odessa (TX);USA;MAF
Miles City (MT);USA;MLS
Milwaukee (WI);USA;MKE
Minneapolis - St. Paul International Airport (MN);USA;MSP
Minot (ND);USA;MOT
Missula (MT);USA;MSO
Mitchell (SD);USA;MHE
Mobile (AL) - Pascagoula (MS);USA;MOB
Modesto (CA);USA;MOD
Moline/Quad Cities (IL);USA;MLI
Monroe (LA);USA;MLU
Monterey (CA);USA;MRY
Montgomery (AL) - Montgomery Regional Airport;USA;MGM
Montrose/Tellruide (CO);USA;MTJ
Morgantown (WV);USA;MGW
Moses Lake (WA);USA;MWH
Mt. McKinley (AK);USA;MCL
Muscle Shoals (AL);USA;MSL
Muskegon (MI);USA;MKG
Myrtle Beach (SC) - Myrtle Beach AFB;USA;MYR
Myrtle Beach (SC) - Grand Strand Airport;USA;CRE
Nantucket (MA);USA;ACK
Naples (FL);USA;APF
Nashville (TN);USA;BNA
New Bern (NC);USA;EWN
New Haven (CT);USA;HVN
New Orleans, La;USA;MSY
New York - John F. Kennedy (NY);USA;JFK
New York - LaGuardia (NY);USA;LGA
New York - Newark (NJ);USA;EWR
New York (NY);USA;NYC
Newburgh (NY);USA;SWF
Newport News/Williamsburg (VA);USA;PHF
Niagara Falls International;USA;IAG
Nome (AK);USA;OME
Norfolk/Virginia Beach (VA);USA;ORF
North Bend (OR);USA;OTH
Oakland (CA);USA;OAK
Oklahoma City (OK) - Will Rogers World;USA;OKC
Omaha (NE);USA;OMA
Ontario (CA);USA;ONT
Orange County (Santa Ana) (CA);USA;SNA
Orlando Metropolitan Area (FL);USA;ORL
Orlando - International Airport (FL);USA;MCO
Oshkosh (WI);USA;OSH
Owensboro (KY);USA;OWB
Oxnard (CA);USA;OXR
Paducah (KY);USA;PAH
Page/Lake Powell (AZ);USA;PGA
Pakersburg (WV) /Marietta (OH);USA;PKB
Palmdale/Lancaster (CA);USA;PMD
Palm Springs (CA);USA;PSP
Panama City (FL);USA;PFN
Pasco (WA);USA;PSC
Pellston (MI);USA;PLN
Pendelton (OR);USA;PDT
Pensacola (FL);USA;PNS
Peoria/Bloomington (IL);USA;PIA
Petersburg (AK);USA;PSG
Philadelphia (PA) - International;USA;PHL
Phoenix (AZ) - Sky Harbor International;USA;PHX
Pierre (SD);USA;PIR
Pittsburgh International Airport (PA);USA;PIT
Plattsburgh (NY);USA;PLB
Pocatello (ID);USA;PIH
Port Angeles (WA);USA;CLM
Portland (ME);USA;PWM
Portland International (OR);USA;PDX
Poughkeepsie (NY);USA;POU
Presque Island (ME);USA;PQI
Providence (RI);USA;PVD
Prudhoe Bay (AK);USA;SCC
Pueblo (CO);USA;PUB
Pullman (WA);USA;PUW
Quincy (IL);USA;UIN
Raleigh/Durham (NC);USA;RDU
Rapid City (SD);USA;RAP
Reading (PA);USA;RDG
Redding (CA);USA;RDD
Redmond (OR);USA;RDM
Reno (NV);USA;RNO
Rhinelander (WI);USA;RHI
Richmond (VA);USA;RIC
Roanoke (VA);USA;ROA
Rochester (MN);USA;RST
Rochester (NY);USA;ROC
Rock Springs (WY);USA;RKS
Rockford (IL);USA;RFD
Rockland (ME);USA;RKD
Rocky Mount - Wilson (NC);USA;RWI
Sacramento (CA);USA;SMF
Saginaw/Bay City/Midland (MI);USA;MBS
Salem (OR);USA;SLE
Salinas (CA);USA;SNS
Salisbury (MD);USA;SBY
Salt Lake City (UT);USA;SLC
San Angelo (TX);USA;SJT
San Antonio (TX);USA;SAT
San Diego - Lindberg Field International (CA);USA;SAN
San Francisco - International Airport, SA;USA;SFO
San Jose (CA);USA;SJC
San Luis Obisco (CA);USA;SBP
Santa Ana - John Wayne Airport (CA);USA;SNA
Santa Barbara (CA);USA;SBA
Santa Maria (CA);USA;SMX
Santa Rosa (CA);USA;STS
Sarasota/Bradenton (FL);USA;SRQ
Savannah (GA);USA;SAV
Scottsdale (AZ);USA;SCF
Seattle/Tacoma (WA);USA;SEA
Shenandoah Valley/Stauton (VA);USA;SHD
Sheridan (WY);USA;SHR
Shreveport, La;USA;SHV
Sidney (MT);USA;SDY
Sioux City IA;USA;SUX
Sioux Falls (SD);USA;FSD
Sitka (AK);USA;SIT
Skagway (AK);USA;SGY
South Bend (IN);USA;SBN
Spokane (WA);USA;GEG
Springfield (IL);USA;SPI
Springfield (MO);USA;SGF
St. George (UT);USA;SGU
St. Louis (MO) Lambert–St. Louis International Airport;USA;STL
State College/Belefonte (PA);USA;SCE
Steamboat Springs (CO);USA;HDN
Stockton (CA);USA;SCK
Sun Valley (ID);USA;SUN
Syracuse (NY);USA;SYR
Talkeetna (AK);USA;TKA
Tallahassee (FL);USA;TLH
Tampa - International (FL);USA;TPA
Telluride (CO);USA;TEX
Terre Haute (IN);USA;HUF
Texarkana (AR);USA;TXK
Thief River Falls (MN);USA;TVF
Thorne Bay (AK);USA;KTB
Toledo (OH);USA;TOL
Traverse City (MI);USA;TVC
Trenton/Princeton (NJ);USA;TTN
Tri-Cities Regional (TN) /VA;USA;TRI
Tucson (AZ);USA;TUS
Tulepo (MS);USA;TUP
Tulsa (OK);USA;TUL
Tuscaloosa (AL);USA;TCL
Twin Falls (ID);USA;TWF
Tyler (TX);USA;TYR
Ukiah (CA);USA;UKI
Unalakleet (AK);USA;UNK
Upolu Point (HI);USA;UPP
Utica (NY) - Oneida County Airport;USA;UCA
Vail (CO);USA;EGE
Valdez (AK);USA;VDZ
Valdosta (GA);USA;VLD
Vernal (UT);USA;VEL
Vero Beach/Ft. Pierce (FL);USA;VRB
Visalia (CA);USA;VIS
Waco (TX);USA;ACT
Walla Walla (WA);USA;ALW
Washington DC - Baltimore Washington International;USA;BWI
Washington DC - Dulles International;USA;IAD
Washington DC - Ronald Reagan National;USA;DCA
Washington DC;USA;WAS
Waterloo IA;USA;ALO
Watertown (SD);USA;ATY
Wausau/Stevens Point (WI);USA;CWA
Wenatchee (WA);USA;EAT
West Palm Beach (FL);USA;PBI
West Yellowstone (MT);USA;WYS
White Plains (NY);USA;HPN
Wichita Falls (TX);USA;SPS
Wichita (KS);USA;ICT
Wilkes Barre/Scranton (PA);USA;AVP
Williamsport (PA);USA;IPT
Williston (ND);USA;ISL
Wilmington (NC);USA;ILM
Wolf Point (MT);USA;OLF
Worcester (MA);USA;ORH
Worland (WY);USA;WRL
Wrangell (AK);USA;WRG
Yakima (WA);USA;YKM
Yakutat (AK);USA;YAK
Yuma (AZ);USA;YUM
Adelaide;Australia;ADL
Albany;Australia;ALH
Albury;Australia;ABX
Alice Springs;Australia;ASP
Ayers Rock - Connellan;Australia;AYQ
Ayr;Australia;AYR
Ballina;Australia;BNK
Bamaga;Australia;ABM
Blackwater;Australia;BLT
Bowen;Australia;ZBO
Brampton Island;Australia;BMP
Brisbane;Australia;BNE
Broken Hill;Australia;BHQ
Broome;Australia;BME
Bundaberg;Australia;BDB
Burnie (Wynyard);Australia;BWT
Cairns;Australia;CNS
Canberra - Canberra Airport;Australia;CBR
Carnarvon;Australia;CVQ
Casino;Australia;CSI
Ceduna;Australia;CED
Cessnock;Australia;CES
Charters Towers;Australia;CXT
Clermont;Australia;CMQ
Coffs Harbour;Australia;CFS
Collinsville;Australia;KCE
Coober Pedy;Australia;CPD
Cooktown;Australia;CTN
Cooma;Australia;OOM
Dalby;Australia;DBY
Darwin;Australia;DRW
Daydream Island;Australia;DDI
Derby;Australia;DRB
Devonport;Australia;DPO
Dubbo;Australia;DBO
Dunk Island;Australia;DKI
Dysart;Australia;DYA
Emerald;Australia;EDR
Emerald;Australia;EMD
Esperance;Australia;EPR
Geelong;Australia;GEX
Geraldton;Australia;GET
Gladstone;Australia;GLT
Gold Coast;Australia;OOL
Goondiwindi;Australia;GOO
Gove (Nhulunbuy);Australia;GOV
Great Keppel Island;Australia;GKL
Griffith;Australia;GFF
Groote Eylandt - Alyangula;Australia;GTE
Gympie;Australia;GYP
Hamilton;Australia;HLT
Hamilton Island;Australia;HTI
Hayman Island;Australia;HIS
Hervey Bay;Australia;HVB
Hinchinbrook Island;Australia;HNK
Hobart;Australia;HBA
Home Hill;Australia;HMH
Ingham;Australia;IGH
Innisfail;Australia;IFL
Jandakot;Australia;JAD
Julia Creek;Australia;JCK
Jundah;Australia;JUN
Kalgoorlie;Australia;KGI
Karratha;Australia;KTA
Karumba;Australia;KRB
Katherine;Australia;KTR
Kingscote;Australia;KGC
Kowanyama;Australia;KWM
Kununurra;Australia;KNX
Launceston;Australia;LST
Laverton;Australia;LVO
Learmouth (Exmouth);Australia;LEA
Leinster;Australia;LER
Leonora;Australia;LNO
Lindeman Island;Australia;LDC
Lismore;Australia;LSY
Lizard Island;Australia;LZR
Lockhart River;Australia;IRG
Longreach;Australia;LRE
Mackay;Australia;MKY
Maitland;Australia;MTL
Maryborough;Australia;MBH
Meekatharra;Australia;MKR
Melbourne - Melbourne Airport (Tullamarine);Australia;MEL
Merimbula;Australia;MIM
Middlemount;Australia;MMM
Mildura;Australia;MQL
Moranbah;Australia;MOV
Moree;Australia;MRZ
Moruya;Australia;MYA
Mount Gambier;Australia;MGB
Mount Magnet;Australia;MMG
Mt. Isa;Australia;ISA
Narrabri;Australia;NAA
Narrandera;Australia;NRA
Newcastle - Belmont;Australia;BEO
Newcastle - Williamtown;Australia;NTL
Newman;Australia;ZNE
Noosa;Australia;NSA
Norfolk Island;Australia;NLK
Olympic Dam;Australia;OLP
Orange;Australia;OAG
Orpheus Island;Australia;ORS
Paraburdoo;Australia;PBO
Perth International;Australia;PER
Port Augusta;Australia;PUG
Port Hedland;Australia;PHE
Portland;Australia;PTJ
Port Lincoln;Australia;PLO
Port Macquarie;Australia;PQQ
Prosperpine;Australia;PPP
Queenstown;Australia;UEE
Rockhampton;Australia;ROK
Scone;Australia;NSO
Shute Harbour;Australia;JHQ
Singleton;Australia;SIX
South Molle Island;Australia;SOI
Streaky Bay;Australia;KBY
Sunshine Coast;Australia;MCY
Sydney - Sydney Airport;Australia;SYD
Tamworth;Australia;TMW
Taree;Australia;TRO
Temora;Australia;TEM
Tennant Creek;Australia;TCA
Thursday Island;Australia;TIS
Tom Price;Australia;TPR
Toowoomba;Australia;TWB
Townsville;Australia;TSV
Wagga;Australia;WGA
Warrnambool;Australia;WMB
Weipa;Australia;WEI
Whitsunday Resort;Australia;HAP
Whyalla;Australia;WYA
Wickham;Australia;WHM
Wiluna;Australia;WUN
Wollongong;Australia;WOL
Woomera;Australia;UMR
Wyndham;Australia;WYN
Attawapiskat, NT;Canada;YAT
Bonaventure, PQ;Canada;YVB
Calgary - Calgary International Airport;Canada;YYC
Cambridge Bay;Canada;YCB
Churchill;Canada;YYQ
Deer Lake/Corner Brook;Canada;YDF
Edmonton;Canada;YEA
Edmonton, International;Canada;YEG
Edmonton, Municipal;Canada;YXD
Flin Flon;Canada;YFO
Fort Albert;Canada;YFA
Fort McMurray;Canada;YMM
Fort Smith;Canada;YSM
Fort St. John;Canada;YXJ
Fredericton;Canada;YFC
Gander;Canada;YQX
Gillam;Canada;YGX
Goose Bay;Canada;YYR
Halifax International;Canada;YHZ
Hall Beach;Canada;YUX
Hamilton;Canada;YHM
Harrington Harbour, PQ;Canada;YHR
Inuvik;Canada;YEV
Iqaluit (Frobisher Bay);Canada;YFB
Kamloops, BC;Canada;YKA
Kaschechawan, PQ;Canada;ZKE
Kelowna, BC;Canada;YLW
Kuujjuaq (FortChimo);Canada;YVP
Kuujjuarapik;Canada;YGW
Lac Brochet, MB;Canada;XLB
La Grande;Canada;YGL
Leaf Rapids;Canada;YLR
London;Canada;YXU
Moncton;Canada;YQM
Montreal;Canada;YMQ
Montreal - Dorval (Montréal-Trudeau);Canada;YUL
Montreal - Mirabel;Canada;YMX
Nanisivik;Canada;YSR
Norman Wells;Canada;YVQ
Ottawa - Hull;Canada;YOW
Port Menier, PQ;Canada;YPN
Prince George;Canada;YXS
Prince Rupert/Digby Island;Canada;YPR
Pukatawagan;Canada;XPK
Quebec - Quebec International;Canada;YQB
Rainbow Lake, AB;Canada;YOP
Regina;Canada;YQR
Resolute Bay;Canada;YRB
Saint John;Canada;YSJ
Sandspit;Canada;YZP
Saskatoon;Canada;YXE
Shamattawa, MB;Canada;ZTM
Smithers;Canada;YYD
South Indian Lake, MB;Canada;XSI
St. Augustin, PQ;Canada;YIF
St. John's;Canada;YYT
St. Pierre, NF;Canada;FSP
Terrace;Canada;YXT
The Pas;Canada;YQD
Thompson;Canada;YTH
Thunder Bay;Canada;YQT
Toronto - Billy Bishop Toronto City Airport;Canada;YTZ
Toronto - Toronto Pearson International Airport;Canada;YYZ
Toronto;Canada;YTO
Umiujaq;Canada;YUD
Uranium City;Canada;YBE
Val d'Or;Canada;YVO
Vancouver - Vancouver International;Canada;YVR
Victoria;Canada;YYJ
Wabush;Canada;YWK
Whale Cove, NT;Canada;YXN
Whitehorse;Canada;YXY
Windsor Ontario;Canada;YQG
Winnipeg International;Canada;YWG
Yellowknife;Canada;YZF
Aarhus;Denmark;AAR
Abadan;Iran;ABD
Abeche;Chad;AEH
Aberdeen;United Kingdom;ABZ
Abidjan;Cote d'Ivoire;ABJ
Abu Dhabi - Abu Dhabi International;United Arab Emirates;AUH
Abuja - Nnamdi Azikiwe International Airport;Nigeria;ABV
Abu Rudeis;Egypt;AUE
Abu Simbel;Egypt;ABS
Acapulco;Mexico;ACA
Accra - Kotoka International Airport;Ghana;ACC
Adana;Turkey;ADA
Addis Ababa - Bole International Airport;Ethiopia;ADD
Aden - Aden International Airport;Yemen;ADE
Adiyaman;Turkey;ADF
Adler/Sochi;Russia;AER
Agades;Niger;AJY
Agadir;Morocco;AGA
Agana (Hagåtña);Guam;SUM
Aggeneys;South Africa;AGZ
Aguadilla;Puerto Rico;BQN
Aguascaliente;Mexico;AGU
Ahmedabad;India;AMD
Aiyura;Papua New Guinea;AYU
Ajaccio;France;AJA
Akita;Japan;AXT
Akrotiri - RAF;Cyprus;AKT
Al Ain;United Arab Emirates;AAN
Al Arish;Egypt;AAC
Albi;France;LBI
Alborg;Denmark;AAL
Alderney;Channel Islands;ACI
Aleppo;Syria;ALP
Alesund;Norway;AES
Alexander Bay - Kortdoorn;South Africa;ALJ
Alexandria - Borg el Arab Airport;Egypt;HBH
Alexandria - El Nhouza Airport;Egypt;ALY
Alexandria - Esler Field;USA (LA);ESF
Alfujairah (Fujairah);United Arab Emirates;FJR
Alghero Sassari;Italy;AHO
Algiers, Houari Boumediene Airport;Algeria;ALG
Al Hoceima;Morocco;AHU
Alicante;Spain;ALC
Alldays;South Africa;ADY
Almaty (Alma Ata) - Almaty International Airport;Kazakhstan;ALA
Almeria;Spain;LEI
Alta;Norway;ALF
Altay;PR China;AAT
Altenrhein;Switzerland;ACH
Amami;Japan;ASJ
Amazon Bay;Papua New Guinea;AZB
Amman - Queen Alia International Airport;Jordan;AMM
Amman - Amman-Marka International Airport;Jordan;ADJ
Amritsar;India;ATQ
Amsterdam - Amsterdam Airport Schiphol;Netherlands;AMS
Anand;India;QNB
Ancona - Ancona Falconara Airport;Italy;AOI
Andorra La Vella - Heliport;Andorra;ALV
Anguilla;Anguilla;AXA
Anjouan - Anjouan Airport;Comoros (Comores);AJN
Ankara;Turkey;ANK
Ankara - Esenboğa International Airport;Turkey;ESB
Annaba;Algeria;AAE
Annecy;France;NCY
Antalya;Turkey;AYT
Antananarivo (Tanannarive) - Ivato International Airport;Madagascar;TNR
Antigua, V.C. Bird International;Antigua and Barbuda;ANU
Antwerp;Belgium;ANR
Aomori;Japan;AOJ
Apia - Faleolo International Airport;Samoa;APW
Aqaba;Jordan;AQJ
Aracaju;Brazil;AJU
Arkhangelsk;Russia;ARH
Arusha;Tanzania;ARK
Araxos;Greece;GPA
Arlit;Niger;RLT
Arrecife/Lanzarote;Spain;ACE
Aruba - Reina Beatrix International, Oranjestad;Aruba;AUA
Ashgabat - Saparmurat Turkmenbashy Int. Airport;Turkmenistan;ASB
Asmara - Asmara International;Eritrea;ASM
Assiut;Egypt;ATZ
Astana - Astana International Airport;Kazakhstan;TSE
Asuncion - Asunción International Airport;Paraguay;ASU
Aswan - Daraw Airport;Egypt;ASW
Athens - Elefthérios Venizélos International Airport;Greece;ATH
Athens, Hellinikon Airport;Greece;HEW
Auckland - Auckland International Airport;New Zealand;AKL
Augsburg - Augsbur gAirport;Germany;AGB
Aurillac;France;AUR
Ayawasi;Indonesia;AYW
Badajoz;Spain;BJZ
Bagdad - Baghdad International Airport;Iraq;BGW
Bagdogra;India;IXB
Bahamas - Lynden Pindling International Airport;The Bahamas;NAS
Bahawalpur;Pakistan;BHV
Bahrain - Bahrain International Airport;Bahrain;BAH
Baku - Heydar Aliyev International Airport;Azerbaijan;BAK
Bamako - Bamako-Sénou International Airport;Mali;BKO
Bambari;Central African Republic;BBY
Bandar Seri Begawan - Brunei International Airport;Brunei;BWN
Bandung - Husein Sastranegara International Airport;Indonesia;BDO
Bangalore;India;BLR
Bangassou;Central African Republic;BGU
Bangkok, Don Muang;Thailand;DMK
Bangkok, Suvarnabhumi International;Thailand;BKK
Bangui - M'Poko International Airport;Central African Republic;BGF
Banjul - Banjul International Airport (Yundum International);Gambia;BJL
Bannu;Pakistan;BNP
Barcelona;Spain;BCN
Barcelona;Venezuela;BLA
Bardufoss;Norway;BDU
Bari;Italy;BRI
Barisal;Bangladesh;BZL
Baroda;India;BDQ
Barra (the famous tidal beach landing);United Kingdom;BRR
Barranquilla;Colombia;BAQ
Basel;Switzerland;BSL
Basel/Mulhouse;Switzerland/France;EAP
Basra, Basrah;Iraq;BSR
Basse-Terre - Pointe-à-Pitre International Airport;Guadeloupe;PTP
Basseterre - Robert L. Bradshaw International Airport;Saint Kitts and Nevis;SKB
Bastia;France;BIA
Bayreuth - Bindlacher-Berg;Germany;BYU
Beef Island - Terrance B. Lettsome;Virgin Islands (British);EIS
Beijing;China;PEK
Beijing - Nanyuan Airport;China;NAY
Beira;Mozambique;BEW
Beirut - Beirut Rafic Hariri International Airport;Lebanon;BEY
Belem - Val de Cans International Airport;Brazil;BEL
Belfast - George Best Belfast City Airport;United Kingdom;BHD
Belfast - Belfast International Airport;United Kingdom;BFS
Belgaum;India;IXG
Belgrad (Beograd) - Belgrade Nikola Tesla International;Serbia;BEG
Belize City - Philip S.W.Goldson International;Belize;BZE
Belo Horizonte - Tancredo Neves International Airport;Brazil;CNF
Benbecula;United Kingdom;BEB
Benghazi (Bengasi);Libya;BEN
Benguela;Angola;BUG
Berberati;Central African Republic;BBT
Bergamo/Milan - Orio Al Serio;Italy;BGY
Bergen;Norway;BGO
Bergerac - Roumanieres;France;EGC
Berlin;Germany;BER
Berlin, Schoenefeld;Germany;SXF
Berlin, Tegel;Germany;TXL
Berlin, Tempelhof (ceased operating in 2008);Germany;THF
Bermuda - L.F. Wade International Airport;Bermuda;BDA
Berne, Bern-Belp;Switzerland;BRN
Berne, Railway Service;Switzerland;ZDJ
Bhopal;India;BHO
Bhubaneswar;India;BBI
Biarritz;France;BIQ
Bilbao;Spain;BIO
Billund;Denmark;BLL
Bintulu;Malaysia;BTU
Biraro;Central African Republic;IRO
Birmingham - Birmingham International Airport;United Kingdom;BHX
Bishkek - Manas International Airport;Kyrgyzstan;FRU
Bissau - Osvaldo Vieiro International Airport;Guinea-Bissau;BXO
Blackpool;United Kingdom;BLK
Blantyre (Mandala) - Chileka International Airport;Malawi;BLZ
Blenheim;New Zealand;BHE
Bloemfontein - Bloemfontein Airport;South Africa;BFN
Boa Vista;Brazil;BVB
Bobo/Dioulasso;Burkina Faso;BOY
Bodo;Norway;BOO
Bodrum - Milas Airport;Turkey;BJV
Bogota - El Nuevo Dorado International Airport;Colombia;BOG
Bologna;Italy;BLQ
Bombay (Mumbai) - Chhatrapati Shivaji International;India;BOM
Bonaire;Netherlands Antilles;BON
Bora Bora;French Polynesia;BOB
Bordeaux - Bordeaux Airport;France;BOD
Bouake;Cote d'Ivoire;BYK
Bourgas/Burgas;Bulgaria;BOJ
Bournemouth;United Kingdom;BOH
Brasilia - President Juscelino Kubitschek International;Brazil;BSB
Bratislava - M. R. Štefánik Airport;Slovakia;BTS
Brazzaville - Maya-Maya Airport;Congo (ROC);BZV
Bremen - Bremen Airport (Flughafen Bremen);Germany;BRE
Brescia, Montichiari;Italy;VBS
Brest;France;BES
Bria;Central African Republic;BIV
Bridgetown - Grantley Adams International;Barbados;BGI
Brindisi;Italy;BDS
Bristol;United Kingdom;BRS
Broennoeysund;Norway;BNN
Brussels - Brussels Airport;Belgium;BRU
Bucaramanga;Colombia;BGA
Bucharest;Romania;BUH
Bucharest - Henri Coandă International Airport;Romania;OTP
Budapest - Budapest Ferihegy International Airport;Hungary;BUD
Buenos Aires;Argentina;BUE
Buenos Aires, Ezeiza International Airport;Argentina;EZE
Buenos Aires, Jorge Newbery;Argentina;AEP
Buffalo Range;Zimbabwe;BFO
Bujumbura - Bujumbura International Airport;Burundi;BJM
Bulawayo;Zimbabwe;BUQ
Cabinda;Angola;CAB
Cagliari;Italy;CAG
Cairo - Cairo International Airport;Egypt;CAI
Calama - El Loa;Chile;CJC
Calcutta (Kolkata) - Netaji Subhas Chandra;India;CCU
Cali;Colombia;CLO
Calicut;India;CCJ
Calvi;France;CLY
Cambrigde;United Kingdom;CBG
Campbeltown;United Kingdom;CAL
Campo Grande;Brazil;CGR
Cancun;Mexico;CUN
Cannes – Mandelieu Airport;France;CEQ
Canouan (island) - Canouan Airport;Saint Vincent & the Grenadines;CIW
Cape Town - Cape Town International Airport;South Africa;CPT
Caracas - Simón Bolívar International Airport;Venezuela;CCS
Cardiff - Cardiff Airport;United Kingdom;CWL
Carnot;Central African Republic;CRF
Casablanca;Morocco;CAS
Casablanca, Mohamed V;Morocco;CMN
Casa de Campo - La Romana International Airport;Dominican Republic;LRM
Castaway;Fiji;CST
Cartagena - Rafael Núñez International Airport;Colombia;CTG
Castries - George F. L. Charles Airport;Saint Lucia;SLU
Catania;Italy;CTA
Cayenne - Cayenne-Rochambeau Airport;French Guiana;CAY
Cottbus - Cottbus-Drewitz Airport;Germany;CBU
Cebu City - Mactan-Cebu International;Philippines;CEB
Chabarovsk (Khabarovsk);Russia;KHV
Chambery;France;CMF
Chandigarh - Chandigarh International Airport;India;IXC
Changchun;Jilin, PR China;CGQ
Chania;Greece;CHQ
Chaoyang, Beijing - Chaoyang Airport;PR China;CHG
Chengdu - Shuangliu;Sichuan, PR China;CTU
Chennai (Madras);India;MAA
Chiang Mai - Chiang Mai International Airport;Thailand;CNX
Chiba City;Japan;QCB
Chichen Itza;Mexico;CZA
Chihuahua - Gen Fierro Villalobos;Mexico;CUU
Chios;Greece;JKH
Chipata;Zambia;CIP
Chisinau - Chişinău International Airport;Moldova;KIV
Chita (Tschita);Russia;HTA
Sapporo - New Chitose Airport;Japan;CTS
Chitral;Pakistan;CJL
Chittagong;Bangladesh;CGP
Chongqing - Jiangbei International Airport;Sichuan, PR China;CKG
Christchurch;New Zealand;CHC
Chub Cay;Bahamas;CCZ
Cienfuegos - Jaime González Airport;Cuba;CFG
Ciudad Del Carmen;Mexico;CME
Ciudad Guayana;Venezuela;CGU
Ciudad Juarez;Mexico;CJS
Ciudad Obregon;Mexico;CEN
Ciudad Victoria;Mexico;CVM
Clermont Ferrand;France;CFE
Cochabamba;Bolivia;CBB
Cochin;India;COK
Coimbatore;India;CJB
Colima;Mexico;CLQ
Cologne - Cologne Airport (Flughafen Köln/Bonn);Germany;CGN
Colombo - Bandaranaike International Airport;Sri Lanka;CMB
Conakry - Conakry International Airport;Guinea;CKY
Constantine;Algeria;CZL
Constanta (Constanța) - Constanta Int'l Airport;Romania;CND
Copenhagen - Copenhagen Airport;Denmark;CPH
Cordoba;Argentina;COR
Cordoba;Spain;ODB
Corfu;Greece;CFU
Cork;Ireland;ORK
Cotonou - Cotonou Cadjehoun Airport;Benin;COO
Coventry - Baginton;United Kingdom;CVT
Cozmel;Mexico;CZM
Cuiaba - Marechal Rondon International Airport;Brazil;CGB
Culiacan;Mexico;CUL
Curacao - Curaçao International Airport;Netherlands Antilles;CUR
Curitiba - Afonso Pena International Airport;Brazil;CWB
Cuyo;Philippines;CYU
Dakar - Léopold Sédar Senghor International Airport;Senegal;DKR
Dalaman;Turkey;DLM
Dalian - Zhoushuizi International Airport;Liaoning, PR China;DLC
Daloa;Cote d'Ivoire;DJO
Damascus, International;Syria;DAM
Dammam, King Fahad International;Saudi Arabien;DMM
Dar es Salam (Daressalam) - Julius Nyerere Int'l;Tanzania;DAR
Delhi - Indira Gandhi International Airport;India;DEL
Den Haag (The Hague);Netherlands;HAG
Denizli;Turkey;DNZ
Denpasar/Bali;Indonesia;DPS
Dera Ismail Khan - Dera Ismail Khan Airport;Pakistan;DSK
Derry (Londonderry);United Kingdom;LDY
Dhahran;Saudi Arabia;DHA
Dhaka - Zia International Airport;Bangladesh;DAC
Dili - Nicolau Lobato International Airport;Timor Leste (East Timor);DIL
Dinard;France;DNR
Disneyland Paris;France;DLP
Djerba;Tunisia;DJE
Djibouti (city) - Djibouti-Ambouli International Airport;Djibouti;JIB
Dodoma - Dodoma Airport;Tanzania;DOD
Doha - Doha International Airport;Qatar;DOH
Doncaster/Sheffield, Robin Hood International Airport;United Kingdom;DSA
Donegal (Carrickfin);Ireland;CFN
Dortmund;Germany;DTM
Douala;Cameroon;DLA
Dresden - Dresden Airport;Germany;DRS
Dubai - Dubai International Airport;United Arab Emirates;DXB
Dublin - Dublin International Airport;Ireland;DUB
Dubrovnik;Croatia (Hrvatska);DBV
Duesseldorf - Düsseldorf International Airport;Germany;DUS
Dundee;United Kingdom;DND
Dunedin;New Zealand;DUD
Durban;South Africa;DUR
Dushanbe (Duschanbe) - Dushanbe Airport;Tajikistan;DYU
Dzaoudzi;Mayotte;DZA
East London;South Africa;ELS
Easter Island;Chile;IPC
Edinburgh - Edinburgh Airport;Scotland, UK;EDI
Egilsstadir;Iceland;EGS
Eindhoven;Netherlands;EIN
Samana - Samaná El Catey International Airport;Dominican Republic;AZS
Elba Island, Marina Di Campo;Italy;EBA
Elat;Israel;ETH
Elat, Ovula;Israel;VDA
Ellisras;South Africa;ELL
El Minya;Egypt;EMY
Enontekioe;Finland;ENF
Entebbe - Entebbe International Airport;Uganda;EBB
Erfurt - Erfurt Airport (Flughafen Erfurt);Germany;ERF
Eriwan (Yerevan, Jerevan);Armenia;EVN
Erzincan;Turkey;ERC
Erzurum;Turkey;ERZ
Esbjerg;Denmark;EBJ
Evenes;Norway;EVE
Exeter;United Kingdom;EXT
Fair Isle (Shetland);United Kingdom;FIE
Faisalabad;Pakistan;LYP
Faro;Portugal;FAO
Faroer - Vágar Airport;Denmark;FAE
Fes;Morocco;FEZ
Figari;France;FSC
Florence (Firenze) - Peretola Airport;Italy;FLR
Florianopolis;Brazil;FLN
Floro;Norway;FRO
Fortaleza - Pinto Martins Airport;Brazil;FOR
Fort de France - Martinique Aimé Césaire International;Martinique;FDF
Foula (Shetland);United Kingdom;FOU
Francistown;Botswana;FRW
Frankfurt/Main - Frankfurt Airport (Rhein-Main-Flughafen);Germany;FRA
Frankfurt/Hahn;Germany;HHN
Freeport - Grand Bahama International Airport;Bahamas;FPO
Freetown - Freetown-Lungi International Airport;Sierra Leone;FNA
Frejus;France;FRJ
Friedrichshafen - Bodensee-Airport Friedrichshafen;Germany;FDH
Fuerteventura;Spain;FUE
Fujairah, International Airport;United Arab Emirates;FJR
Fukuoka;Japan;FUK
Fukushima - Fukushima Airport;Japan;FKS
Funchal;Portugal;FNC
Futuna;Wallis and Futuna Islands;FUT
Gaborone - Sir Seretse Khama International Airport;Botswana;GBE
Galway;Ireland;GWY
Garoua;Cameroon;GOU
Gaza City - Gaza International Airport;Palestinian Territory;GZA
Gaziantep;Turkey;GZT
Gdansk;Poland;GDN
Geneva - Geneva-Cointrin International Airport;Switzerland;GVA
Genoa;Italy;GOA
George;South Africa;GRJ
Georgetown - Cheddi Jagan International Airport;Guyana;GEO
Gerona;Spain;GRO
Ghent (Gent);Belgium;GNE
Gibraltar;Gibraltar;GIB
Gilgit;Pakistan;GIL
Glasgow, Prestwick;United Kingdom;PIK
Glasgow;United Kingdom;GLA
Goa;India;GOI
Goiania, Santa Genoveva Airport;Brazil;GYN
Gorna;Bulgaria;GOZ
Gothenburg (Göteborg) - Landvetter;Sweden;GOT
Govenors Harbour;Bahamas;GHB
Granada;Spain;GRX
Grand Bahama International;Bahamas;FPO
Grand Cayman - Owen Roberts International;Cayman Islands;GCM
Graz;Austria;GRZ
Grenada - Point Salines Airport also Maurice Bishop;Grenada;GND
Grenoble;France;GNB
Groningen - Eelde;Netherlands;GRQ
Guadalajara;Mexico;GDL
Guadalcanal;Solomon Islands;GSI
Guam;Guam;GUM
Guangzhou (Canton) - Baiyun International Airport;Guangdong, PR China;CAN
Sao Paulo - Guarulhos International;Brazil;GRU
Guatemala City - La Aurora International Airport;Guatemala;GUA
Guayaquil - Simon Bolivar;Ecuador;GYE
Guernsey;Channel Islands;GCI
Guettin;Germany;GTI
Guilin - Liangjiang;Guangxi, PR China;KWL
Gulu;Uganda;ULU
Guwahati;India;GAU
Gwadar;Pakistan;GWD
Gweru;Zimbabwe;GWE
Hachijo Jima;Japan;HAC
Hagåtña - Guam International Airport;Guam;GUM
Haifa;Israel;HFA
Hakodate;Japan;HKD
Hamburg - Fuhlsbuettel;Germany;HAM
Hamilton;New Zealand;HLZ
Hammerfest;Norway;HFT
Hangchow (Hangzhou);Zhejiang, PR China;HGH
Hannover;Germany;HAJ
Hanoi - Noi Bai International Airport;Vietnam;HAN
Harare - Harare International Airport;Zimbabwe;HRE
Harbin (Haerbin);Heilongjiang, PR China;HRB
Hatyai (Hat Yai);Thailand;HDY
Haugesund;Norway;HAU
Havana - José Martí International;Cuba;HAV
Helsingborg;Sweden;JHE
Helsinki - Vantaa;Finland;HEL
Heraklion;Greece;HER
Hermosillo - Gen. Pesqueira Garcia;Mexico;HMO
Hiroshima International;Japan;HIJ
Ho Chi Minh City (Saigon) - Tan Son Nhat International;Viet Nam;SGN
Hof;Germany;HOQ
Holguin;Cuba;HOG
Hong Kong - International Airport (HKIA);Hong Kong;HKG
Hong Kong - Chek Lap Kok;Hong Kong;ZJK
Honiara Henderson International;Solomon Islands;HIR
Horta;Portugal;HOR
Huahine;French Polynesia;HUH
Huatulco;Mexico;HUX
Hue - Phu Bai;Viet Nam;HUI
Humberside;United Kingdom;HUY
Hurghada International;Egypt;HRG
Hwange National Park;Zimbabwe;HWN
Hyderabad - Rajiv Gandhi International Airport;India;HYD
Hyderabad;Pakistan;HDD
Ibiza;Ibiza/Spain;IBZ
Iguazu, Cataratas;Argentina;IGR
Ile des Pins;New Caledonia;ILP
Ile Ouen;New Caledonia;IOU
Incercargill;New Zealand;IVC
Incheon, Incheon International Airport;Korea South;ICN
Innsbruck - Kranebitten;Austria;INN
Invercargill;New Zealand;IVC
Inverness;United Kingdom;INV
Iquitos;Peru;IQT
Irkutsk;Russia;IKT
Ishigaki - New Ishigaki Airport;Japan;ISG
Islamabad - Benazir Bhutto International Airport;Pakistan;ISB
Islay;United Kingdom;ILY
Isle of Man;;IOM
Istanbul - Istanbul Atatürk Airport;Turkey;IST
Istanbul - Sabiha Gokcen;Turkey;SAW
Ivalo;Finland;IVL
Ixtapa/Zihuatenejo;Mexico;ZIH
Izmir;Turkey;IZM
Izmir - Adnan Menderes Airport;Turkey;ADB
Jacmel;Haiti;JAK
Jacobabad;Pakistan;JAG
Jacobina;Brazil;JCM
Jacquinot Bay;Papua New Guinea;JAQ
Jaffna - Kankesanturai;Sri Lanka;JAF
Jagdalpur;India;JGB
Jaipur - Sanganeer;India;JAI
Jaisalmer;India;JSA
Jakarta - Halim Perdana Kusuma;Indonesia;HLP
Jakarta - Metropolitan Area;Indonesia;JKT
Jakarta - Soekarno-Hatta International;Indonesia;CGK
Jalalabad;Afghanistan;JAA
Jalandhar;India;JLR
Jalapa;Mexico;JAL
Jales;Brazil;JLS
Jaluit Island;Marshall Islands;UIT
Jamba;Angola;JMB
Jambi - Sultan Taha Syarifudn;Indonesia;DJB
Jambol;Bulgaria;JAM
Jammu - Satwari;India;IXJ
Jamnagar - Govardhanpur;India;JGA
Jamshedpur - Sonari Airport;India;IXW
Janakpur;Nepal;JKR
Januaria;Brazil;JNA
Jaque;Panama;JQE
Jatai;Brazil;JTI
Jauja;Peru;JAU
Jayapura - Sentani;Indonesia;DJJ
Jeddah - King Abdulaziz International;Saudi Arabia;JED
Jeremie - Jeremie Airport;Haiti;JEE
Jerez de la Frontera/Cadiz - La Parra;Spain;XRY
Jersey;Channel Islands;JER
Jerusalem - Atarot Airport (closed);Israel;JRS
Jessore - Jessore Airport;Bangladesh;JSR
Jeypore - Jeypore Airport;India;PYB
Ji'an;Jiangxi, China;JGS
Jiamusi - Jiamusi Airport;PR China;JMU
Jiayuguan - Jiayuguan Airport;PR China;JGN
Jijel;Algeria;GJL
Jijiga;Ethiopia;JIJ
Jilin;PR China;JIL
Jimma;Ethiopia;JIM
Jinan;Shandong, PR China;TNA
Jingdezhen;PR China;JDZ
Jinghong - Gasa Airport;PR China;JHG
Jining;PR China;JNG
Jinja;Uganda;JIN
Jinjiang;PR China;JJN
Jinka - Baco/Jinka Airport;Ethiopia;BCO
Jinzhou - Jinzhou Airport;PR China;JNZ
Jipijapa;Ecuador;JIP
Jiri;Nepal;JIR
Jiujiang - Jiujiang Lushan Airport;PR China;JIU
Jiwani;Pakistan;JIW
Joacaba;Brazil;JCB
Joao Pessoa - Castro Pinto Airport;Brazil;JPA
Jodhpur;India;JDH
Jönköping (Jonkoping) - Axamo Airport;Sweden;JKG
Joensuu;Finland;JOE
Johannesburg - OR Tambo International Airport;South Africa;JNB
Johor Bahru - Sultan Ismail International;Malaysia;JHB
Joinville - Cubatao Airport;Brazil;JOI
Jolo;Philippines;JOL
Jomsom;Nepal;JMO
Jorhat - Rowriah Airport;India;JRH
Jos;Nigeria;JOS
Jose De San Martin;Argentina;JSM
Jouf;Saudi Arabia;AJF
Juanjui;Peru;JJI
Juba;South Sudan;JUB
Juist (island);Germany;JUI
Juiz De Fora - Francisco De Assis Airport;Brazil;JDF
Jujuy - El Cadillal Airport;Argentina;JUJ
Juliaca;Peru;JUL
Jumla;Nepal;JUM
Junin;Argentina;JNI
Juticalpa;Honduras;JUT
Jwaneng;Botswana;JWA
Jyväskylä (Jyvaskyla);Finland;JYV
Kabul - Khwaja Rawash Airport;Afghanistan;KBL
Kagoshima;Japan;KOJ
Kahramanmaras;Turkey;KCM
Kajaani;Finland;KAJ
Kalamata;Greece;KLX
Kaliningrad;Russia;KGD
Kalmar;Sweden;KLR
Kano;Nigeria;KAN
Kanpur;India;KNU
Kaohsiung International;Taiwan;KHH
Karachi - Jinnah International Airport;Pakistan;KHI
Karlsruhe-Baden - Soellingen;Germany;FKB
Karlstad;Sweden;KSD
Karpathos;Greece;AOK
Kars;Turkey;KYS
Karup;Denmark;KRP
Kassala;Sudan;KSL
Kathmandu - Tribhuvan International Airport;Nepal;KTM
Katima Mulilo/Mpacha;Namibia;MPA
Kauhajoki;Finland;KHJ
Kavalla;Greece;KVA
Kayseri;Turkey;ASR
Kazan - Kazan International Airport;Russia;KZN
Keetmanshoop;Namibia;KMP
Kemi/Tornio;Finland;KEM
Kent (Manston) Kent International;United Kingdom;MSE
Kerry County;Ireland;KIR
Khamis Mushayat;Saudi Arabia;AHB
Kharga - New Valley;Egypt;UVL
Kharkov;Ukraine;HRK
Khartoum - Khartoum International Airport;Sudan;KRT
Khuzdar;Pakistan;KDD
Kiel - Holtenau;Germany;KEL
Kiev - Borispol;Ukraine;KBP
Kiev - Zhulhany;Ukraine;IEV
Kigali - Gregoire Kayibanda;Rwanda;KGL
Kilimadjaro;Tanzania;JRO
Kimberley;South Africa;KIM
King Island;King Island (Australia);KNS
Kingston - Norman Manley;Jamaica;KIN
Kingstown - E. T. Joshua Airport;Saint Vincent and the Grenadines;SVD
Kinshasa - N'Djili;Congo (DRC);FIH
Kiritimati (island) - Cassidy International Airport;Kiribati;CXI
Kirkenes;Norway;KKN
Kirkuk;Iraq;KIK
Kirkwall (Orkney);United Kingdom;KOI
Kiruna;Sweden;KRN
Kisangani;Congo (DRC);FKI
Kittilä;Finland;KTT
Kitwe;Zambia;KIW
Klagenfurt;Austria;KLU
Kleinsee;South Africa;KLZ
Knock;Ireland;NOC
Kobe;Japan;UKB
Kochi;Japan;KCZ
Köln, Köln/Bonn;Germany;CGN
Kohat;Pakistan;OHT
Kokkola/Pietarsaari;Finland;KOK
Kolkata (Calcutta) - Netaji Subhas Chandra;India;CCU
Komatsu;Japan;KMQ
Konya;Turkey;KYA
Korhogo;Cote d'Ivoire;HGO
Kos;Greece;KGS
Kota Kinabalu;Malaysia;BKI
Krakow (Cracow) - John Paul II International Airport;Poland;KRK
Kristiansand;Norway;KRS
Kristianstad;Sweden;KID
Kristiansund;Norway;KSU
Kuala Lumpur - International Airport;Malaysia;KUL
Kuala Lumpur - Sultan Abdul Aziz Shah;Malaysia;SZB
Kuantan;Malaysia;KUA
Kuching;Malaysia;KCH
Kumamoto;Japan;KMJ
Kuopio;Finland;KUO
Kushiro;Japan;KUH
Kuusamo;Finland;KAO
Kuwait - Kuwait International;Kuwait;KWI
Kyoto;Japan;UKY
Labe;Guinea;LEK
Labuan;Malaysia;LBU
La Coruna;Spain;LCG
Lae - Lae Nadzab Airport;Papua New Guinea;LAE
La Rochelle;France;LRH
Lagos - Murtala Muhammed Airport;Nigeria;LOS
Lahore;Pakistan;LHE
Lakselv;Norway;LKL
Lambarene;Gabon;LBQ
Lamezia Terme;Italy;SUF
Lampedusa;Italy;LMP
Land's End;United Kingdom;LEQ
Langkawi (islands);Malaysia;LGK
Lannion;France;LAI
Lanseria;South Africa;HLA
La Paz - El Alto;Bolivia;LPB
La Paz - Leon;Mexico;LAP
Lappeenranta;Finland;LPP
Larnaca;Cyprus;LCA
Las Palmas;Spain;LPA
Lazaro Cardenas;Mexico;LZC
Leeds/Bradford;United Kingdom;LBA
Leipzig;Germany;LEJ
Lelystad;Netherlands;LEY
Leon;Mexico;BJX
Lerwick/Tingwall (Shetland Islands);United Kingdom;LWK
Libreville;Gabon;LBV
Lidkoeping;Sweden;LDK
Liege;Belgium;LGG
Lifou;Loyaute, Pazifik;LIF
Lille - Lille Airport;France;LIL
Lilongwe - Lilongwe International;Malawi;LLW
Lima - J Chavez International;Peru;LIM
Limassol;Cyprus;QLI
Limoges;France;LIG
Linz - Hoersching;Austria;LNZ
Lisala;Congo (DRC);LIQ
Lisbon - Lisboa;Portugal;LIS
Liverpool;United Kingdom;LPL
Ljubljana - Brnik;Slovenia;LJU
Lome;Togo;LFW
London Metropolitan Area;United Kingdom;LON
London - City Airport;United Kingdom;LCY
London - Gatwick;United Kingdom;LGW
London - Heathrow;United Kingdom;LHR
London - Luton;United Kingdom;LTN
London - Stansted;United Kingdom;STN
Londonderry - Eglinton;United Kingdom;LDY
Longyearbyen - Svalbard;Svalbard/Norway;LYR
Loreto;Mexico;LTO
Lorient;France;LRT
Los Cabos;Mexico;SJD
Los Mochis;Mexico;LMM
Los Rodeos;Teneriffa/Spain;TFN
Losinj - Losinj Arpt;Croatia (Hrvatska);LSZ
Lourdes/Tarbes;France;LDE
Luanda - 4 de Fevereiro;Angola;LAD
Lucknow;India;LKO
Luederitz;Namibia;LUD
Luga;Malta;MLA
Lugano;Switzerland;LUG
Lulea;Sweden;LLA
Lumbumbashi;Congo (DRC);FBM
Lusaka - Lusaka International Airport;Zambia;LUN
Lusisiki;South Africa;LUJ
Luxembourg;Luxembourg;LUX
Luxi - Mangshi;Yunnan, PR China;LUM
Luxor;Egypt;LXR
Lvov (Lwow, Lemberg);Ukraine;LWO
Lydd - Lydd International Airport;United Kingdom;LYX
Lyon - Lyon-Saint Exupéry Airport;France;LYS
Maastricht/Aachen;Netherlands;MST
Macapa - Alberto Alcolumbre International Airport;Brazil;MCP
Macau - Macau International Airport;Macau, China SAR;MFM
Maceio - Zumbi dos Palmares International Airport;Brazil;MCZ
Mactan Island - Nab;Philippines;NOP
Madinah (Medina) - Mohammad Bin Abdulaziz;Saudi Arabia;MED
Madras (Chennai) - Chennai International Airport;India;MAA
Madrid - Barajas Airport;Spain;MAD
Mahe - Seychelles International;Seychelles;SEZ
Mahon;Spain;MAH
Majunga;Madagascar;MJN
Makung;Taiwan;MZG
Malabo - Malabo International Airport;Equatorial Guinea;SSG
Malaga;Spain;AGP
Malatya;Turkey;MLX
Male - Velana International Airport;Maledives;MLE
Malindi;Kenya;MYD
Malmo (Malmoe);Sweden;MMA
Malmo (Malmö) - Malmö Airport;Sweden;MMX
Man;Cote d'Ivoire;MJC
Managua - Augusto C Sandino;Nicaragua;MGA
Manaus - Eduardo Gomes International Airport;Brazil;MAO
Manchester;United Kingdom;MAN
Mandalay - Mandalay-Annisaton Airport;Myanmar;MDL
Manguna;Papua New Guinea;MFO
Manihi;French Polynesia;XMH
Manila - Ninoy Aquino International;Philippines;MNL
Manzanillo;Mexico;ZLO
Manzini - Matsapha International;Swaziland;MTS
Maputo - Maputo International;Mozambique;MPM
Mar del Plata;Argentina;MDQ
Maracaibo - La Chinita International;Venezuela;MAR
Maradi;Niger;MFQ
Maras;Turkey;KCM
Mardin;Turkey;MQM
Mare;New Caledonia;MEE
Margate;South Africa;MGH
Margerita;Venezuela;PMV
Maribor;Slovenia;MBX
Mariehamn (Maarianhamina);Finland;MHQ
Maroua;Cameroon;MVR
Marrakesh - Menara Airport;Morocco;RAK
Marsa Alam;Egypt;RMF
Marsa Matrah (Marsa Matruh);Egypt;MUH
Marseille - Marseille Provence Airport;France;MRS
Marsh Harbour;Bahamas;MHH
Maseru - Moshoeshoe International;Lesotho;MSU
Masvingo;Zimbabwe;MVZ
Matsumoto, Nagano;Japan;MMJ
Matsuyama;Japan;MYJ
Maun;Botswana;MUB
Maupiti;French Polynesia;MAU
Mauritius - S.Seewoosagur Ram International;Mauritius;MRU
Mayaguez;Puerto Rico;MAZ
Mazatlan;Mexico;MZT
Medan - Polania Int'l (now Soewondo AFB);Indonesia;MES
Medan - Kualanamu International;Indonesia;KNO
Medellin - José María Córdova International;Colombia;MDE
Medina;Saudi Arabia;MED
Melville Hall;Dominica;DOM
Mendoza;Argentina;MDZ
Manado;Indonesia;MDC
Merida;Mexico;MID
Messina;South Africa;MEZ
Metz -  Frescaty;France;MZM
Metz/Nancy Metz-Nancy-Lorraine;France;ETZ
Mexicali;Mexico;MXL
Mexico City - Mexico City International Airport;Mexico;MEX
Mexico City - Atizapan;Mexico;AZP
Mexico City - Juarez International;Mexico;MEX
Mexico City - Santa Lucia;Mexico;NLU
Mfuwe;Zambia;MFU
Mianwali;Pakistan;MWD
Midway Island - Sand Island Field;US Minor Outlying Islands;MDY
Mikkeli;Finland;MIK
Milan;Italy;MIL
Milan - Linate;Italy;LIN
Milan - Malpensa;Italy;MXP
Milan - Orio Al Serio;Italy;BGY
Milford Sound;New Zealand;MFN
Minatitlan;Mexico;MTT
Mineralnye Vody;Russia;MRV
Minsk, International;Belarus;MSQ
Miri;Malaysia;MYY
Mirpur;Pakistan;QML
Miyako Jima (Ryuku Islands) - Hirara;Japan;MMY
Miyazaki;Japan;KMI
Mkambati;South Africa;MBM
Moanda;Gabon;MFF
Moenjodaro;Pakistan;MJD
Mogadishu;Somalia;MGQ
Mokuti;Namibia;OKU
Mombasa - Moi International;Kenya;MBA
Monastir;Tunisia;MIR
Monrovia - Metropolitan Area;Liberia;MLW
Monrovia - Roberts International;Liberia;ROB
Montego Bay - Sangster International;Jamaica;MBJ
Montenegro;Brazil;QGF
Monterrey - Gen. Mariano Escobedo;Mexico;MTY
Monterrey - Aeropuerto Del Norte;Mexico;NTR
Montevideo - Carrasco International Airport;Uruguay;MVD
Montpellier - Montpellier–Méditerranée Airport;France;MPL
Moorea;French Polynesia;MOZ
Morelia;Mexico;MLM
Morioka, Hanamaki;Japan;HNA
Moroni - Prince Said Ibrahim;Comoros (Comores);HAH
Moscow - Metropolitan Area;Russia;MOW
Moscow - Domodedovo;Russia;DME
Moscow - Sheremetyevo;Russia;SVO
Moscow - Vnukovo;Russia;VKO
Mossel Bay;South Africa;MZY
Mostar;Bosnia and Herzegovina;OMO
Mosul;Iraq;OSM
Mouila;Gabon;MJL
Moundou;Chad;MQQ
Mount Cook;New Zealand;GTN
Muenchen (Munich) - Franz Josef Strauss;Germany;MUC
Muenster/Osnabrueck;Germany;FMO
Mulhouse;France;MLH
Multan;Pakistan;MUX
Murcia;Spain;MJV
Murmansk;Russia;MMK
Mus;Turkey;MSR
Muscat - Seeb;Oman;MCT
Muzaffarabad;Pakistan;MFG
Mvengue;Gabon;MVB
Mykonos;Greece;JMK
Mysore;India;MYQ
Mytilene (Lesbos);Greece;MJT
Mzamba;South Africa;MZF
Nadi;Fiji;NAN
Nagasaki;Japan;NGS
Nagoya - Komaki AFB;Japan;NGO
Nagpur;India;NAG
Nairobi;Kenya;NBO
Nakhichevan;Azerbaijan;NAJ
Nakhon Si Thammarat;Thailand;NST
Nancy;France;ENC
Nanning;Guangxi, PR China;NNG
Nantes - Nantes Atlantique Airport;France;NTE
Naples - Naples Capodichino Airport;Italy;NAP
Narsarsuaq;Greenland;UAK
Nassau;Bahamas;NAS
Natal - Augusto Severo International Airport;Brazil;NAT
Nausori;Fiji/Suva;SUV
Nawab Shah;Pakistan;WNS
Naxos - Naxos Airport;Greece;JNX
N'Djamena;Chad;NDJ
N'Dola;Zambia;NLA
Nelson;New Zealand;NSN
Nelspruit;South Africa;NLP
Nelspruit - Kruger Mpumalanga International Airport;South Africa;MQP
Nevis;St. Kitts and Nevis;NEV
Newquay;United Kingdom;NQY
New Valley - Kharga;Egypt;UVL
Newcastle;United Kingdom;NCL
Newcastle;South Africa;NCS
N'Gaoundere;Cameroon;NGE
Niamey;Niger;NIM
Nice - Cote D'Azur Airport;France;NCE
Nicosia;Cyprus;NIC
Nikolaev;Ukraine;NLV
Niigata;Japan;KIJ
Nimes;France;FNI
Nis;Serbia;INI
Nizhny Novgorod - Strigino International Airport;Russia;GOJ
Norrkoeping;Sweden;NRK
North Eleuthera;Bahamas;ELH
Norwich;United Kingdom;NWI
Nottingham - East Midlands;United Kingdom;EMA
Nouadhibou;Mauritania;NDB
Nouakchott;Mauritania;NKC
Noumea;New Caledonia;NOU
Novi Sad;Serbia;QND
Novosibirsk - Tolmachevo Airport;Russia;OVB
Nürnberg (Nuremberg);Germany;NUE
Nuevo Laredo;Mexico;NLD
Nuku'alofa - Fua'Amotu International;Tonga;TBU
Oaxaca - Xoxocotlan;Mexico;OAX
Odense;Denmark;ODE
Odessa;Ukraine;ODS
Oerebro;Sweden;ORB
Ohrid;Macedonia;OHD
Oita;Japan;OIT
Okayama;Japan;OKJ
Okinawa, Ryukyo Island - Naha;Japan;OKA
Olbia;Italy;OLB
Ondangwa;Namibia;OND
Oran (Ouahran);Algeria;ORN
Oranjemund;Namibia;OMD
Oranjestad - Reina Beatrix International;Aruba;AUA
Orkney - Kirkwall;United Kingdom;KOI
Osaka, Metropolitan Area;Japan;OSA
Osaka - Itami;Japan;ITM
Osaka - Kansai International Airport;Japan;KIX
Osijek;Croatia (Hrvatska);OSI
Oslo - Oslo Airport, Gardermoen;Norway;OSL
Oslo - Fornebu;Norway;FBU
Oslo - Sandefjord;Norway;TRF
Ouadda;Central African Republic;ODA
Ouarzazate;Morocco;OZZ
Oudtshoorn;South Africa;OUH
Ouagadougou;Burkina Faso;OUA
Oujda;Morocco;OUD
Oulu;Finland;OUL
Out Skerries (Shetland);United Kingdom;OUK
Oviedo;Spain;OVD
Oyem;Gabon/Loyautte;UVE
Paderborn/Lippstadt;Germany;PAD
Pago Pago;American Samoa;PPG
Palermo - Punta Raisi;Italy;PMO
Palma de Mallorca;Spain;PMI
Palmas;Brazil;PMW
Palmerston North;New Zealand;PMR
Panama City - Tocumen International;Panama;PTY
Panjgur;Pakistan;PJG
Pantelleria;Italy;PNL
Papeete - Faaa;French Polynesia (Tahiti);PPT
Paphos;Cyprus;PFO
Paramaribo - Zanderij International;Suriname;PBM
Paris;France;PAR
Paris - Charles de Gaulle;France;CDG
Paris - Le Bourget;France;LBG
Paris - Orly;France;ORY
Paro;Bhutan;PBH
Pasni;Pakistan;PSI
Patna;India;PAT
Pattaya;Thailand;PYX
Pau;France;PUF
Penang International;Malaysia;PEN
Pereira;Colombia;PEI
Perpignan;France;PGF
Perugia;Italy;PEG
Pescara;Italy;PSR
Peshawar;Pakistan;PEW
Phalaborwa;South Africa;PHW
Phnom Penh - Pochentong;Cambodia;PNH
Phuket;Thailand;HKT
Pietermaritzburg;South Africa;PZB
Pietersburg;South Africa;PTG
Pilanesberg/Sun City;South Africa;NTY
Pisa - Galileo Galilei;Italy;PSA
Plettenberg Bay;South Africa;PBZ
Podgorica;Montenegro;TGD
Pohnpei;Micronesia;PNI
Pointe a Pitre;Guadeloupe;PTP
Pointe Noire;Congo (ROC);PNR
Poitiers - Biard;France;PIS
Ponce;Puerto Rico;PSE
Ponta Delgada;Portugal;PDL
Pori;Finland;POR
Port au Prince;Haiti;PAP
Port Elizabeth;South Africa;PLZ
Port Gentil;Gabon;POG
Port Harcourt;Nigeria;PHC
Port Moresby - Jackson Field;Papua New Guinea;POM
Porto;Portugal;OPO
Porto Alegre - Salgado Filho International Airport;Brazil;POA
Port of Spain - Piarco International;Trinidad and Tobago;POS
Port Said;Egypt;PSD
Porto Santo;Portugal;PXO
Porto Velho;Brazil;PVH
Port Vila;Vanuatu;VLI
Poznan, Lawica;Poland;POZ
Prague - Václav Havel Airport (formerly Ruzyne);Czech Republic;PRG
Praia - Nelson Mandela International Airport;Cape Verde;RAI
Pretoria - Wonderboom Apt.;South Africa;PRY
Preveza/Lefkas;Greece;PVK
Pristina;Serbia;PRN
Puebla;Mexico;PBC
Puerto Escondido;Mexico;PXM
Puerto Ordaz;Venezuela;PZO
Puerto Plata;Dominican Republic;POP
Puerto Vallarta;Mexico;PVR
Pula;Croatia (Hrvatska);PUY
Pune;India, Maharashtra;PNQ
Punta Arenas - Presidente Carlos Ibáñez del Campo;Chile;PUQ
Punta Cana - Punta Cana International;Dominican Republic;PUJ
Pu San (Busan) - Gimhae International Airport;South Korea;PUS
Pyongyang - Sunan International Airport;North Korea;FNJ
Queenstown;New Zealand;ZQN
Quetta;Pakistan;UET
Qingdao;Shandong, PR China;TAO
Quimper;France;UIP
Quito - Mariscal Sucre International Airport;Ecuador;UIO
Rabat - Rabat-Salé Airport;Morocco;RBA
Rahim Yar Khan - Shaikh Zayed International Airport;Pakistan;RYK
Raiatea;French Polynesia;RFP
Rajkot;India;RAJ
Ranchi;India;IXR
Rangiroa;French Polynesia;RGI
Rangoon (Yangon) - Mingaladon;Myanmar;RGN
Rarotonga;Cook Island;RAR
Ras al Khaymah (Ras al Khaimah);United Arab Emirates;RKT
Rawala Kot;Pakistan;RAZ
Rawalpindi;Pakistan;RWP
Recife - Guararapes-Gilberto Freyre International;Brazil;REC
Reggio Calabria;Italy;REG
Reina Sofia;Teneriffa/Spain;TFS
Rennes;France;RNS
Reus;Spain;REU
Reykjavik - Metropolitan Area;Iceland;REK
Reykjavik - Keflavik International;Iceland;KEF
Rhodos;Greece;RHO
Richards Bay;South Africa;RCB
Riga;Latvia;RIX
Rijeka;Croatia (Hrvatska);RJK
Rimini;Italy;RMI
Rio Branco - Plácido de Castro International Airport;Brazil;RBR
Rio de Janeiro - Galeao;Brazil;GIG
Rio de Janeiro - Santos Dumont;Brazil;SDU
Rio de Janeiro;Brazil;RIO
Riyadh - King Khaled International;Saudi Arabia;RUH
Roanne;France;RNE
Roatan;Honduras;RTB
Rock Sound;Bahamas;RSD
Rodez;France;RDZ
Rodrigues Island;Mauritius;RRG
Roenne;Denmark;RNN
Rome;Italy;ROM
Rome - Ciampino;Italy;CIA
Rome - Fuimicino;Italy;FCO
Ronneby;Sweden;RNB
Rosario;Argentina;ROS
Rostov-on-Don - Rostov-on-Don Airport;Russia;RVI
Rostov-on-Don - Platov International Airport;Russia;ROV
Rotorua;New Zealand;ROT
Rotterdam;Netherlands;RTM
Rovaniemi;Finland;RVN
Rundu;Namibia;NDU
Ruse;Bulgaria;ROU
Saarbruecken;Germany;SCN
Sado Shima;Japan;SDS
Saidu Sharif;Pakistan;SDT
Saigon (Ho Chi Minh City) - Tan Son Nhat International;Viet Nam;SGN
Saint Brieuc;France;SBK
Saint Denis - Roland Garros Airport;Reunion;RUN
Saipan;Northern Mariana Islands;SPN
Sal;Cape Verde;SID
Salalah;Oman;SLL
Salinas;Ecuador;SNC
Salisbury;Zimbabwe;SAY
Saloniki;Greece;SKG
Salta, Gen Belgrano;Argentina;SLA
Salvador - Salvador International Airport;Brazil;SSA
Salzburg - W.A. Mozart;Austria;SZG
Samara - Kurumoch International Airport;Russia;KUF
Samarkand - Samarkand International Airport;Uzbekistan;SKD
Samos;Greece;SMI
Samsun;Turkey;SZF
San Andres;Colombia;ADZ
San Carlos de Bariloche;Argentina;BRC
San Jose Cabo;Mexico;SJD
San Jose;Costa Rica;SJO
San Juan - Luis Munoz Marin International Airport;Puerto Rico;SJU
San Luis Potosi;Mexico;SLP
San Pedro;Cote d'Ivoire;SPY
San Pedro Sula;Honduras;SAP
San Salvador;Bahamas;ZSA
San Salvador;El Salvador;SAL
San Sebastian;Spain;EAS
Sanaa (Sana'a) - Sana'a International;Yemen;SAH
Santa Cruz de la Palma;Spain;SPC
Santa Cruz de la Sierra;Bolivia;SRZ
Santa Katarina - Mount Sinai;Egypt;SKV
Santa Maria;Portugal;SMA
Santander;Spain;SDR
Santa Rosa;Bolivia;SRB
Santa Rosa;Brazil;SRA
Santa Rosa;Argentina;RSA
Santa Rosa, Copan;Honduras;SDH
Santa Rosalia;Colombia;SSL
Santa Rosalia;Mexico;SRL
Santiago - Antonio Maceo Airport;Cuba;SCU
Santiago de Chile - Arturo Merino Benitez;Chile;SCL
Santiago de Compostela;Spain;SCQ
Santo;Vanuatu;SON
Santo Domingo;Dominican Republic;SDQ
Sao Luis - Marechal Cunha Machado International;Brazil;SLZ
Sao Paulo;Brazil;SAO
Sao Paulo - Congonhas;Brazil;CGH
Sao Paulo - Guarulhos;Brazil;GRU
Sao Paulo - Viracopos;Brazil;VCP
Sao Tome;Sao Tome & Principe;TMS
Sapporo;Hokkaido, Japan;SPK
Sapporo - Okadama;Hokkaido, Japan;OKD
Sapporo - New Chitose Airport;Japan;CTS
Sarajevo;Bosnia and Herzegovina;SJJ
Saransk - Saransk Airport;Russia;SKX
Sassandra;Cote d'Ivoire;ZSS
Savonlinna;Finland;SVL
Scarborough - Crown Point International;Trinidad and Tobago;TAB
Sehba;Libya;SEB
Seinaejoki;Finland;SJY
Selibi Phikwe;Botswana;PKW
Sendai;Japan;SDJ
Seoul - Incheon International Airport;South Korea;ICN
Seoul - Kimpo;South Korea;SEL
Sevilla;Spain;SVQ
Sfax;Tunisia;SFA
Shanghai - Hongqiao;China;SHA
Shanghai - Pu Dong;China;PVG
Shannon (Limerick);Ireland;SNN
Sharjah;United Arab Emirates;SHJ
Sharm El Sheikh;Egypt;SSH
Sheffield, City Airport;United Kingdom;SZD
Sheffield, Doncaster, Robin Hood International Airport;United Kingdom;DSA
Shenyang;Liaoning, PR China;SHE
Shenzhen - Shenzhen Bao'an International;Guangdong, PR China;SZX
Sibu;Malaysia;SBW
Silistra;Bulgaria;SLS
Simferopol;Ukraine;SIP
Sindhri;Pakistan;MPD
Singapore - Changi;Singapore;SIN
Singapore - Paya Lebar;Singapore;QPG
Singapore - Seletar;Singapore;XSP
Sishen;South Africa;SIS
Sivas;Turkey;VAS
Siwa;Egypt;SEW
Skardu;Pakistan;KDU
Skiathos;Greece;JSI
Skopje;Macedonia;SKP
Skrydstrup;Denmark;SKS
Skukuza;South Africa;SZK
Sligo;Ireland;SXL
Sodankylae;Finland;SOT
Soenderborg;Denmark;SGD
Soendre Stroemfjord;Greenland;SFJ
Sofia - Vrazhdebna;Bulgaria;SOF
Sogndal;Norway;SOG
Southampton - Eastleigh;United Kingdom;SOU
Southend (London);United Kingdom;SEN
Split;Croatia (Hrvatska);SPU
Springbok;South Africa;SBU
Srinagar;India;SXR
St. Croix;Virgin Islands (U.S.);STX
St. Etienne;France;EBU
St. Kitts;St. Kitts and Nevis;SKB
St. Lucia Hewanorra;Saint Lucia;UVF
St. Lucia Vigle;Saint Lucia;SLU
St. Marteen;Netherlands Antilles;SXM
St. Martin;St. Martin (Guadeloupe);SFG
St. Petersburg (Leningrad) - Pulkovo;Russia;LED
St. Thomas;Virgin Islands (U.S.);STT
St. Vincent;Saint Vincent and the Grenadines;SVD
Stansted (London);United Kingdom;STN
Stavanger;Norway;SVG
Stettin;Poland;SZZ
Stockholm Metropolitan Area;Sweden;STO
Stockholm - Arlanda;Sweden;ARN
Stockholm - Bromma;Sweden;BMA
Stornway;United Kingdom;SYY
Strasbourg - Strasbourg Airport;France;SXB
Stuttgart - Echterdingen;Germany;STR
Sui;Pakistan;SUL
Sukkur;Pakistan;SKZ
Sumburgh (Shetland);United Kingdom;LSI
Sundsvall;Sweden;SDL
Surabaya - Juanda;Indonesia;SUB
Surat;India;STV
Suva - Nausori Airport (Luvuluvu);Fiji;SUV
Swakopmund;Namibia;SWP
Sylhet;Bangladesh;ZYL
Tabuk;Saudi Arabia;TUU
Taif;Saudi Arabia;TIF
Taipei - Chiang Kai Shek;Taiwan;TPE
Taipei - Sung Shan;Taiwan;TAY
Taiyuan;Shanxi, PR China;TYN
Takamatsu;Japan;TAK
Tallinn - Pirita Harbour;Estonia;QUF
Tallinn - Ulemiste;Estonia;TLL
Tampere;Finland;TMP
Tampico - Gen. F. Javier Mina;Mexico;TAM
Tangier - Boukhalef;Morocco;TNG
Targovishte;Bulgaria;TGV
Tashkent - International;Uzbekistan;TAS
Tawau;Malaysia;TWU
Tbilisi - Novo Alexeyevka;Georgia;TBS
Te Anau;New Zealand;TEU
Teesside, Durham Tees Valley;United Kingdom;MME
Tegucigalpa;Honduras;TGU
Tehran (Teheran) - Mehrabad;Iran;THR
Tekirdag - Corlu;Turkey;TEQ
Tel Aviv - Ben Gurion International;Israel;TLV
Tenerife;Spain;TCI
Tenerife - Sur Reina Sofia;Spain;TFS
Tenerife - Norte Los Rodeos;Spain;TFN
Terceira;Portugal;TER
Teresina;Brazil;THE
Termez (Termes);Uzbekistan;TMZ
Thaba'Nchu;South Africa;TCU
Thessaloniki - Makedonia Apt.;Greece;SKG
Thira;Greece;JTR
Thiruvananthapuram;India;TRV
Thisted;Denmark;TED
Tianjin;China;TSN
Tijuana - Rodriguez;Mexico;TIJ
Tioman;Indonesia;TOD
Tirana - Rinas;Albania;TIA
Tiruchirapally;India;TRZ
Tivat;Montenegro;TIV
Tobago;Trinidad and Tobago;TAB
Tokushima;Japan;TKS
Tokyo;Japan;TYO
Tokyo - Haneda;Japan;HND
Tokyo - Narita;Japan;NRT
Tortola;British Virgin Islands;TOV
Touho;New Caledonia;TOU
Toulouse - Blagnac Airport;France;TLS
Toyama;Japan;TOY
Trabzon;Turkey;TZX
Trapani;Italy;TPS
Treasure Cay;Bahamas;TCB
Treviso;Italy;TSF
Trieste;Italy;TRS
Tripoli - Tripoli International;Libya;TIP
Tromsoe;Norway;TOS
Trondheim;Norway;TRD
Tsumeb;Namibia;TSB
Tunis - Carthage;Tunisia;TUN
Turbat;Pakistan;TUK
Turin;Italy;TRN
Turku;Finland;TKU
Tuxtla Gutierrez;Mexico;TGZ
Ua Huka;French Polynesia;UAH
Ua Pou;French Polynesia;UAP
Ube;Japan;UBJ
Uberaba;Brazil;UBA
Uberlandia - Eduardo Gomes Airport;Brazil;UDI
Ubon Ratchathani - Muang Ubon Airport;Thailand;UBP
Udaipur - Dabok Airport;India;UDR
Uden - Volkel Airport;Netherlands;UDE
Udon Thani;Thailand;UTH
Ufa;Russia;UFA
Uherske Hradiste;Czech Republic;UHE
Uige;Angola;UGO
Ujung Pandang - Hasanudin Airport;Indonesia;UPG
Ukhta;Russia;UCT
Ulaanbaatar - Buyant Uhaa Airport;Mongolia;ULN
Ulan-Ude;Russia;UUD
Ulanhot;PR China;HLH
Ulei;Vanuatu;ULB
Ulsan;South Korea;USN
Ulundi;South Africa;ULD
Umea;Sweden;UME
Umtata;South Africa;UTT
Union Island;Saint Vincent and the Grenadines;UNI
Unst (Shetland Island) - Baltasound Airport;United Kingdom;UNT
Upala;Costa Rica;UPL
Upernavik - Upernavik Heliport;Greenland;JUV
Upington;South Africa;UTN
Urgench;Uzbekistan;UGC
Uriman;Venezuela;URM
Urmiehm (Orumieh);Iran;OMH
Uruapan;Mexico;UPN
Urubupunga - Ernesto Pochler Airport;Brazil;URB
Uruguaiana - Ruben Berta Airport;Brazil;URG
Urumqi;Xinjiang, PR China;URC
Uruzgan;Afghanistan;URZ
Ushuaia - Islas Malvinas Airport;Argentina;USH
Utapao (Pattaya);Thailand;UTP
Utila;Honduras;UII
Uummannaq;Greenland;UMD
Uzhgorod;Ukraine;UDJ
Vaasa;Finland;VAA
Vaexjoe;Sweden;VXO
Valencia;Spain;VLC
Valencia;Venezuela;VLN
Valladolid;Spain;VLL
Valparaiso;Chile;VAP
Valverde;Spain;VDE
Van - Ferit Melen;Turkey;VAN
Varadero;Cuba;VRA
Varanasi;India;VNS
Varkaus;Finland;VRK
Varna;Bulgaria;VAR
Vasteras;Sweden;VST
Velikiye Luki (Welikije Luki);Russia;VLU
Venice - Marco Polo;Italy;VCE
Veracruz;Mexico;VER
Verona (Brescia) Montichiari;Italy;VBS
Verona;Italy;VRN
Victoria Falls;Zimbabwe;VFA
Vidin;Bulgaria;VID
Vientiane - Wattay;Lao PDR;VTE
Vigo;Spain;VGO
Villahermosa;Mexico;VSA
Vilnius;Lithuania;VNO
Virgin Gorda;Virgin Islands (British);VIJ
Visby;Sweden;VBY
Vitoria;Spain;VIT
Vitoria - Eurico de Aguiar Salles Airport;Brazil;VIX
Vryheid;South Africa;VYD
Wallis;Wallis and Futuna Islands;WLS
Walvis Bay;South Africa;WVB
Warsaw - Frédéric Chopin;Poland;WAW
Welkom;South Africa;WEL
Wellington;New Zealand;WLG
Westerland, Sylt Airport;Germany;GWT
Whakatane;New Zealand;WHK
Whangarei;New Zealand;WRE
Wick;United Kingdom;WIC
Wien (Vienna) - Vienna International;Austria;VIE
Wiesbaden, Air Base;Germany;WIE
Wilna (Vilnius);Lithuania;VNO
Windhoek - Eros;Namibia;ERS
Windhoek - Hosea Kutako International;Namibia;WDH
Wuhan;Hubei, PR China;WUH
Xiamen;Fujian, PR China;XMN
Xi'an - Xianyang;Shaanxi, PR China;XIY
Yakutsk;Russia;YKS
Yamagata, Junmachi;Japan;GAJ
Yamoussoukro;Côte d'Ivoire;ASK
Yanbu;Saudi Arabia;YNB
Yangon (Rangoon) - Mingaladon;Myanmar;RGN
Yaounde;Cameroon;YAO
Yekaterinburg - Koltsovo Airport;Russia;SVX
Yichang;Hubei, PR China;YIH
Yokohama;Japan;YOK
Zacatecas;Mexico;ZCL
Zadar;Croatia (Hrvatska);ZAD
Zagreb - Zagreb Airport Pleso;Croatia (Hrvatska);ZAG
Zakynthos;Greece;ZTH
Zaragoza;Spain;ZAZ
Zhob;Pakistan;PZH
Zinder;Niger;ZND
Zouerate;Mauritania;OUZ
Zurich (Zürich) - Kloten;Switzerland;ZRH
